Stock_Item_Key,Stock_Item,Color,Selling_Package,Buying_Package,Brand,Size_val,Lead_Time_Days,Quantity_Per_Outer,Is_Chiller_Stock,Tax_Rate,Unit_Price,Recommended_Retail_Price,Typical_Weight_Per_Unit
227,White chocolate snow balls 250g,N/A,Bag,Carton,N/A,250g,3,24,TRUE,3,8.55,12.23,0.25
451,White chocolate snow balls 250g,N/A,Bag,Carton,N/A,250g,3,24,TRUE,3,8.55,12.23,0.25
226,White chocolate moon rocks 250g,N/A,Bag,Carton,N/A,250g,3,24,TRUE,3,8.55,12.23,0.25
452,White chocolate moon rocks 250g,N/A,Bag,Carton,N/A,250g,3,24,TRUE,3,8.55,12.23,0.25
1,Void fill 400 L bag (White) 400L,N/A,Each,Each,N/A,400L,14,10,FALSE,14,50,74.75,1
293,Void fill 400 L bag (White) 400L,N/A,Each,Each,N/A,400L,14,10,FALSE,14,50,74.75,1
671,Void fill 400 L bag (White) 400L,N/A,Each,Each,N/A,400L,14,10,FALSE,14,50,74.75,1
2,Void fill 300 L bag (White) 300L,N/A,Each,Each,N/A,300L,14,10,FALSE,14,37.5,56.06,0.75
294,Void fill 300 L bag (White) 300L,N/A,Each,Each,N/A,300L,14,10,FALSE,14,37.5,56.06,0.75
670,Void fill 300 L bag (White) 300L,N/A,Each,Each,N/A,300L,14,10,FALSE,14,37.5,56.06,0.75
3,Void fill 200 L bag (White) 200L,N/A,Each,Each,N/A,200L,14,10,FALSE,14,25,37.38,0.5
295,Void fill 200 L bag (White) 200L,N/A,Each,Each,N/A,200L,14,10,FALSE,14,25,37.38,0.5
669,Void fill 200 L bag (White) 200L,N/A,Each,Each,N/A,200L,14,10,FALSE,14,25,37.38,0.5
4,Void fill 100 L bag (White) 100L,N/A,Each,Each,N/A,100L,14,10,FALSE,14,12.5,18.69,0.25
296,Void fill 100 L bag (White) 100L,N/A,Each,Each,N/A,100L,14,10,FALSE,14,12.5,18.69,0.25
668,Void fill 100 L bag (White) 100L,N/A,Each,Each,N/A,100L,14,10,FALSE,14,12.5,18.69,0.25
218,USB rocket launcher (Gray),Gray,Each,Each,N/A,N/A,14,1,FALSE,14,25,37.38,0.3
291,USB rocket launcher (Gray),Steel Gray,Each,Each,N/A,N/A,14,1,FALSE,14,25,37.38,0.3
604,USB rocket launcher (Gray),Steel Gray,Each,Each,N/A,N/A,14,1,FALSE,14,25,37.38,0.3
219,USB missile launcher (Green),N/A,Each,Each,N/A,N/A,14,1,FALSE,14,25,37.38,0.3
292,USB missile launcher (Green),N/A,Each,Each,N/A,N/A,14,1,FALSE,14,25,37.38,0.3
603,USB missile launcher (Green),N/A,Each,Each,N/A,N/A,14,1,FALSE,14,25,37.38,0.3
216,USB food flash drive - sushi roll,N/A,Each,Each,N/A,N/A,14,1,FALSE,14,32,47.84,0.05
248,USB food flash drive - sushi roll,N/A,Each,Each,N/A,N/A,14,1,FALSE,14,32,47.84,0.05
548,USB food flash drive - sushi roll,N/A,Each,Each,N/A,N/A,14,1,FALSE,14,32,47.84,0.05
591,USB food flash drive - sushi roll,N/A,Each,Each,N/A,N/A,14,1,FALSE,14,32,47.84,0.05
207,USB food flash drive - shrimp cocktail,N/A,Each,Each,N/A,N/A,14,1,FALSE,14,32,47.84,0.05
239,USB food flash drive - shrimp cocktail,N/A,Each,Each,N/A,N/A,14,1,FALSE,14,32,47.84,0.05
539,USB food flash drive - shrimp cocktail,N/A,Each,Each,N/A,N/A,14,1,FALSE,14,32,47.84,0.05
600,USB food flash drive - shrimp cocktail,N/A,Each,Each,N/A,N/A,14,1,FALSE,14,32,47.84,0.05
213,USB food flash drive - pizza slice,N/A,Each,Each,N/A,N/A,14,1,FALSE,14,32,47.84,0.05
245,USB food flash drive - pizza slice,N/A,Each,Each,N/A,N/A,14,1,FALSE,14,32,47.84,0.05
545,USB food flash drive - pizza slice,N/A,Each,Each,N/A,N/A,14,1,FALSE,14,32,47.84,0.05
594,USB food flash drive - pizza slice,N/A,Each,Each,N/A,N/A,14,1,FALSE,14,32,47.84,0.05
214,USB food flash drive - hot dog,N/A,Each,Each,N/A,N/A,14,1,FALSE,14,32,47.84,0.05
246,USB food flash drive - hot dog,N/A,Each,Each,N/A,N/A,14,1,FALSE,14,32,47.84,0.05
546,USB food flash drive - hot dog,N/A,Each,Each,N/A,N/A,14,1,FALSE,14,32,47.84,0.05
593,USB food flash drive - hot dog,N/A,Each,Each,N/A,N/A,14,1,FALSE,14,32,47.84,0.05
215,USB food flash drive - hamburger,N/A,Each,Each,N/A,N/A,14,1,FALSE,14,32,47.84,0.05
247,USB food flash drive - hamburger,N/A,Each,Each,N/A,N/A,14,1,FALSE,14,32,47.84,0.05
547,USB food flash drive - hamburger,N/A,Each,Each,N/A,N/A,14,1,FALSE,14,32,47.84,0.05
592,USB food flash drive - hamburger,N/A,Each,Each,N/A,N/A,14,1,FALSE,14,32,47.84,0.05
206,USB food flash drive - fortune cookie,N/A,Each,Each,N/A,N/A,14,1,FALSE,14,32,47.84,0.05
238,USB food flash drive - fortune cookie,N/A,Each,Each,N/A,N/A,14,1,FALSE,14,32,47.84,0.05
538,USB food flash drive - fortune cookie,N/A,Each,Each,N/A,N/A,14,1,FALSE,14,32,47.84,0.05
601,USB food flash drive - fortune cookie,N/A,Each,Each,N/A,N/A,14,1,FALSE,14,32,47.84,0.05
208,USB food flash drive - donut,N/A,Each,Each,N/A,N/A,14,1,FALSE,14,32,47.84,0.05
240,USB food flash drive - donut,N/A,Each,Each,N/A,N/A,14,1,FALSE,14,32,47.84,0.05
540,USB food flash drive - donut,N/A,Each,Each,N/A,N/A,14,1,FALSE,14,32,47.84,0.05
599,USB food flash drive - donut,N/A,Each,Each,N/A,N/A,14,1,FALSE,14,32,47.84,0.05
212,USB food flash drive - dim sum 10 drive variety pack,N/A,Packet,Packet,N/A,N/A,14,1,FALSE,14,240,358.8,0.5
244,USB food flash drive - dim sum 10 drive variety pack,N/A,Packet,Packet,N/A,N/A,14,1,FALSE,14,240,358.8,0.5
544,USB food flash drive - dim sum 10 drive variety pack,N/A,Packet,Packet,N/A,N/A,14,1,FALSE,14,240,358.8,0.5
595,USB food flash drive - dim sum 10 drive variety pack,N/A,Packet,Packet,N/A,N/A,14,1,FALSE,14,240,358.8,0.5
205,USB food flash drive - dessert 10 drive variety pack,N/A,Packet,Packet,N/A,N/A,14,1,FALSE,14,240,358.8,0.5
237,USB food flash drive - dessert 10 drive variety pack,N/A,Packet,Packet,N/A,N/A,14,1,FALSE,14,240,358.8,0.5
537,USB food flash drive - dessert 10 drive variety pack,N/A,Packet,Packet,N/A,N/A,14,1,FALSE,14,240,358.8,0.5
602,USB food flash drive - dessert 10 drive variety pack,N/A,Packet,Packet,N/A,N/A,14,1,FALSE,14,240,358.8,0.5
209,USB food flash drive - cookie,N/A,Each,Each,N/A,N/A,14,1,FALSE,14,32,47.84,0.05
241,USB food flash drive - cookie,N/A,Each,Each,N/A,N/A,14,1,FALSE,14,32,47.84,0.05
541,USB food flash drive - cookie,N/A,Each,Each,N/A,N/A,14,1,FALSE,14,32,47.84,0.05
598,USB food flash drive - cookie,N/A,Each,Each,N/A,N/A,14,1,FALSE,14,32,47.84,0.05
210,USB food flash drive - chocolate bar,N/A,Each,Each,N/A,N/A,14,1,FALSE,14,32,47.84,0.05
242,USB food flash drive - chocolate bar,N/A,Each,Each,N/A,N/A,14,1,FALSE,14,32,47.84,0.05
542,USB food flash drive - chocolate bar,N/A,Each,Each,N/A,N/A,14,1,FALSE,14,32,47.84,0.05
597,USB food flash drive - chocolate bar,N/A,Each,Each,N/A,N/A,14,1,FALSE,14,32,47.84,0.05
211,USB food flash drive - banana,N/A,Each,Each,N/A,N/A,14,1,FALSE,14,32,47.84,0.05
243,USB food flash drive - banana,N/A,Each,Each,N/A,N/A,14,1,FALSE,14,32,47.84,0.05
543,USB food flash drive - banana,N/A,Each,Each,N/A,N/A,14,1,FALSE,14,32,47.84,0.05
596,USB food flash drive - banana,N/A,Each,Each,N/A,N/A,14,1,FALSE,14,32,47.84,0.05
143,The Gu red shirt XML tag t-shirt (White) XXS,White,Each,Carton,N/A,XXS,7,12,FALSE,7,18,26.91,0.25
400,The Gu red shirt XML tag t-shirt (White) XXS,White,Each,Carton,N/A,XXS,7,12,FALSE,7,18,26.91,0.25
137,The Gu red shirt XML tag t-shirt (White) XXL,White,Each,Carton,N/A,XXL,7,12,FALSE,7,18,26.91,0.4
406,The Gu red shirt XML tag t-shirt (White) XXL,White,Each,Carton,N/A,XXL,7,12,FALSE,7,18,26.91,0.4
142,The Gu red shirt XML tag t-shirt (White) XS,White,Each,Carton,N/A,XS,7,12,FALSE,7,18,26.91,0.25
401,The Gu red shirt XML tag t-shirt (White) XS,White,Each,Carton,N/A,XS,7,12,FALSE,7,18,26.91,0.25
138,The Gu red shirt XML tag t-shirt (White) XL,White,Each,Carton,N/A,XL,7,12,FALSE,7,18,26.91,0.35
405,The Gu red shirt XML tag t-shirt (White) XL,White,Each,Carton,N/A,XL,7,12,FALSE,7,18,26.91,0.35
141,The Gu red shirt XML tag t-shirt (White) S,White,Each,Carton,N/A,S,7,12,FALSE,7,18,26.91,0.3
402,The Gu red shirt XML tag t-shirt (White) S,White,Each,Carton,N/A,S,7,12,FALSE,7,18,26.91,0.3
140,The Gu red shirt XML tag t-shirt (White) M,White,Each,Carton,N/A,M,7,12,FALSE,7,18,26.91,0.35
403,The Gu red shirt XML tag t-shirt (White) M,White,Each,Carton,N/A,M,7,12,FALSE,7,18,26.91,0.35
139,The Gu red shirt XML tag t-shirt (White) L,White,Each,Carton,N/A,L,7,12,FALSE,7,18,26.91,0.35
404,The Gu red shirt XML tag t-shirt (White) L,White,Each,Carton,N/A,L,7,12,FALSE,7,18,26.91,0.35
132,The Gu red shirt XML tag t-shirt (White) 7XL,White,Each,Carton,N/A,7XL,7,12,FALSE,7,18,26.91,0.45
411,The Gu red shirt XML tag t-shirt (White) 7XL,White,Each,Carton,N/A,7XL,7,12,FALSE,7,18,26.91,0.45
133,The Gu red shirt XML tag t-shirt (White) 6XL,White,Each,Carton,N/A,6XL,7,12,FALSE,7,18,26.91,0.4
410,The Gu red shirt XML tag t-shirt (White) 6XL,White,Each,Carton,N/A,6XL,7,12,FALSE,7,18,26.91,0.4
134,The Gu red shirt XML tag t-shirt (White) 5XL,White,Each,Carton,N/A,5XL,7,12,FALSE,7,18,26.91,0.4
409,The Gu red shirt XML tag t-shirt (White) 5XL,White,Each,Carton,N/A,5XL,7,12,FALSE,7,18,26.91,0.4
135,The Gu red shirt XML tag t-shirt (White) 4XL,White,Each,Carton,N/A,4XL,7,12,FALSE,7,18,26.91,0.4
408,The Gu red shirt XML tag t-shirt (White) 4XL,White,Each,Carton,N/A,4XL,7,12,FALSE,7,18,26.91,0.4
144,The Gu red shirt XML tag t-shirt (White) 3XS,White,Each,Carton,N/A,3XS,7,12,FALSE,7,18,26.91,0.25
399,The Gu red shirt XML tag t-shirt (White) 3XS,White,Each,Carton,N/A,3XS,7,12,FALSE,7,18,26.91,0.25
136,The Gu red shirt XML tag t-shirt (White) 3XL,White,Each,Carton,N/A,3XL,7,12,FALSE,7,18,26.91,0.4
407,The Gu red shirt XML tag t-shirt (White) 3XL,White,Each,Carton,N/A,3XL,7,12,FALSE,7,18,26.91,0.4
130,The Gu red shirt XML tag t-shirt (Black) XXS,Black,Each,Carton,N/A,XXS,7,12,FALSE,7,18,26.91,0.25
413,The Gu red shirt XML tag t-shirt (Black) XXS,Black,Each,Carton,N/A,XXS,7,12,FALSE,7,18,26.91,0.25
124,The Gu red shirt XML tag t-shirt (Black) XXL,Black,Each,Carton,N/A,XXL,7,12,FALSE,7,18,26.91,0.4
419,The Gu red shirt XML tag t-shirt (Black) XXL,Black,Each,Carton,N/A,XXL,7,12,FALSE,7,18,26.91,0.4
129,The Gu red shirt XML tag t-shirt (Black) XS,Black,Each,Carton,N/A,XS,7,12,FALSE,7,18,26.91,0.25
414,The Gu red shirt XML tag t-shirt (Black) XS,Black,Each,Carton,N/A,XS,7,12,FALSE,7,18,26.91,0.25
125,The Gu red shirt XML tag t-shirt (Black) XL,Black,Each,Carton,N/A,XL,7,12,FALSE,7,18,26.91,0.35
418,The Gu red shirt XML tag t-shirt (Black) XL,Black,Each,Carton,N/A,XL,7,12,FALSE,7,18,26.91,0.35
128,The Gu red shirt XML tag t-shirt (Black) S,Black,Each,Carton,N/A,S,7,12,FALSE,7,18,26.91,0.3
415,The Gu red shirt XML tag t-shirt (Black) S,Black,Each,Carton,N/A,S,7,12,FALSE,7,18,26.91,0.3
127,The Gu red shirt XML tag t-shirt (Black) M,Black,Each,Carton,N/A,M,7,12,FALSE,7,18,26.91,0.35
416,The Gu red shirt XML tag t-shirt (Black) M,Black,Each,Carton,N/A,M,7,12,FALSE,7,18,26.91,0.35
126,The Gu red shirt XML tag t-shirt (Black) L,Black,Each,Carton,N/A,L,7,12,FALSE,7,18,26.91,0.35
417,The Gu red shirt XML tag t-shirt (Black) L,Black,Each,Carton,N/A,L,7,12,FALSE,7,18,26.91,0.35
119,The Gu red shirt XML tag t-shirt (Black) 7XL,Black,Each,Carton,N/A,7XL,7,12,FALSE,7,18,26.91,0.45
424,The Gu red shirt XML tag t-shirt (Black) 7XL,Black,Each,Carton,N/A,7XL,7,12,FALSE,7,18,26.91,0.45
120,The Gu red shirt XML tag t-shirt (Black) 6XL,Black,Each,Carton,N/A,6XL,7,12,FALSE,7,18,26.91,0.4
423,The Gu red shirt XML tag t-shirt (Black) 6XL,Black,Each,Carton,N/A,6XL,7,12,FALSE,7,18,26.91,0.4
121,The Gu red shirt XML tag t-shirt (Black) 5XL,Black,Each,Carton,N/A,5XL,7,12,FALSE,7,18,26.91,0.4
422,The Gu red shirt XML tag t-shirt (Black) 5XL,Black,Each,Carton,N/A,5XL,7,12,FALSE,7,18,26.91,0.4
122,The Gu red shirt XML tag t-shirt (Black) 4XL,Black,Each,Carton,N/A,4XL,7,12,FALSE,7,18,26.91,0.4
421,The Gu red shirt XML tag t-shirt (Black) 4XL,Black,Each,Carton,N/A,4XL,7,12,FALSE,7,18,26.91,0.4
131,The Gu red shirt XML tag t-shirt (Black) 3XS,Black,Each,Carton,N/A,3XS,7,12,FALSE,7,18,26.91,0.25
412,The Gu red shirt XML tag t-shirt (Black) 3XS,Black,Each,Carton,N/A,3XS,7,12,FALSE,7,18,26.91,0.25
123,The Gu red shirt XML tag t-shirt (Black) 3XL,Black,Each,Carton,N/A,3XL,7,12,FALSE,7,18,26.91,0.4
420,The Gu red shirt XML tag t-shirt (Black) 3XL,Black,Each,Carton,N/A,3XL,7,12,FALSE,7,18,26.91,0.4
16,Tape dispenser (Red),N/A,Each,Each,N/A,N/A,20,10,FALSE,20,32,47.84,1
308,Tape dispenser (Red),N/A,Each,Each,N/A,N/A,20,10,FALSE,20,32,47.84,1
656,Tape dispenser (Red),N/A,Each,Each,N/A,N/A,20,10,FALSE,20,32,47.84,1
15,Tape dispenser (Blue),N/A,Each,Each,N/A,N/A,20,10,FALSE,20,32,47.84,1
307,Tape dispenser (Blue),N/A,Each,Each,N/A,N/A,20,10,FALSE,20,32,47.84,1
657,Tape dispenser (Blue),N/A,Each,Each,N/A,N/A,20,10,FALSE,20,32,47.84,1
17,Tape dispenser (Black),N/A,Each,Each,N/A,N/A,20,10,FALSE,20,32,47.84,1
309,Tape dispenser (Black),N/A,Each,Each,N/A,N/A,20,10,FALSE,20,32,47.84,1
655,Tape dispenser (Black),N/A,Each,Each,N/A,N/A,20,10,FALSE,20,32,47.84,1
112,Superhero action jacket (Blue) XXS,Blue,Each,Each,N/A,XXS,12,1,FALSE,12,25,37.38,0.3
431,Superhero action jacket (Blue) XXS,Blue,Each,Each,N/A,XXS,12,1,FALSE,12,25,37.38,0.3
106,Superhero action jacket (Blue) XXL,Blue,Each,Each,N/A,XXL,12,1,FALSE,12,30,44.85,0.35
437,Superhero action jacket (Blue) XXL,Blue,Each,Each,N/A,XXL,12,1,FALSE,12,30,44.85,0.35
111,Superhero action jacket (Blue) XS,Blue,Each,Each,N/A,XS,12,1,FALSE,12,25,37.38,0.3
432,Superhero action jacket (Blue) XS,Blue,Each,Each,N/A,XS,12,1,FALSE,12,25,37.38,0.3
107,Superhero action jacket (Blue) XL,Blue,Each,Each,N/A,XL,12,1,FALSE,12,30,44.85,0.35
436,Superhero action jacket (Blue) XL,Blue,Each,Each,N/A,XL,12,1,FALSE,12,30,44.85,0.35
110,Superhero action jacket (Blue) S,Blue,Each,Each,N/A,S,12,1,FALSE,12,25,37.38,0.3
433,Superhero action jacket (Blue) S,Blue,Each,Each,N/A,S,12,1,FALSE,12,25,37.38,0.3
109,Superhero action jacket (Blue) M,Blue,Each,Each,N/A,M,12,1,FALSE,12,30,44.85,0.35
434,Superhero action jacket (Blue) M,Blue,Each,Each,N/A,M,12,1,FALSE,12,30,44.85,0.35
108,Superhero action jacket (Blue) L,Blue,Each,Each,N/A,L,12,1,FALSE,12,30,44.85,0.35
435,Superhero action jacket (Blue) L,Blue,Each,Each,N/A,L,12,1,FALSE,12,30,44.85,0.35
103,Superhero action jacket (Blue) 5XL,Blue,Each,Each,N/A,5XL,12,1,FALSE,12,34,50.83,0.4
440,Superhero action jacket (Blue) 5XL,Blue,Each,Each,N/A,5XL,12,1,FALSE,12,34,50.83,0.4
104,Superhero action jacket (Blue) 4XL,Blue,Each,Each,N/A,4XL,12,1,FALSE,12,34,50.83,0.4
439,Superhero action jacket (Blue) 4XL,Blue,Each,Each,N/A,4XL,12,1,FALSE,12,34,50.83,0.4
113,Superhero action jacket (Blue) 3XS,Blue,Each,Each,N/A,3XS,12,1,FALSE,12,25,37.38,0.3
430,Superhero action jacket (Blue) 3XS,Blue,Each,Each,N/A,3XS,12,1,FALSE,12,25,37.38,0.3
105,Superhero action jacket (Blue) 3XL,Blue,Each,Each,N/A,3XL,12,1,FALSE,12,34,50.83,0.4
438,Superhero action jacket (Blue) 3XL,Blue,Each,Each,N/A,3XL,12,1,FALSE,12,34,50.83,0.4
67,Small sized bubblewrap roll 10m,N/A,Each,Each,N/A,10m,14,10,FALSE,14,4.5,6.73,5
359,Small sized bubblewrap roll 10m,N/A,Each,Each,N/A,10m,14,10,FALSE,14,4.5,6.73,5
605,Small sized bubblewrap roll 10m,N/A,Each,Each,N/A,10m,14,10,FALSE,14,4.5,6.73,5
9,Small 9mm replacement blades 9mm,N/A,Each,Each,N/A,9mm,14,10,FALSE,14,4.1,6.13,0.7
301,Small 9mm replacement blades 9mm,N/A,Each,Each,N/A,9mm,14,10,FALSE,14,4.1,6.13,0.7
663,Small 9mm replacement blades 9mm,N/A,Each,Each,N/A,9mm,14,10,FALSE,14,4.1,6.13,0.7
42,Shipping carton (Brown) 500x310x310mm,N/A,Each,Each,N/A,500x310x310mm,14,25,FALSE,14,2.55,3.81,0.4
334,Shipping carton (Brown) 500x310x310mm,N/A,Each,Each,N/A,500x310x310mm,14,25,FALSE,14,2.55,3.81,0.4
630,Shipping carton (Brown) 500x310x310mm,N/A,Each,Each,N/A,500x310x310mm,14,25,FALSE,14,2.55,3.81,0.4
37,Shipping carton (Brown) 480x270x320mm,N/A,Each,Each,N/A,480x270x320mm,14,25,FALSE,14,2.74,4.1,0.4
329,Shipping carton (Brown) 480x270x320mm,N/A,Each,Each,N/A,480x270x320mm,14,25,FALSE,14,2.74,4.1,0.4
635,Shipping carton (Brown) 480x270x320mm,N/A,Each,Each,N/A,480x270x320mm,14,25,FALSE,14,2.74,4.1,0.4
34,Shipping carton (Brown) 457x457x457mm,N/A,Each,Each,N/A,457x457x457mm,14,25,FALSE,14,2.1,3.14,0.4
326,Shipping carton (Brown) 457x457x457mm,N/A,Each,Each,N/A,457x457x457mm,14,25,FALSE,14,2.1,3.14,0.4
638,Shipping carton (Brown) 457x457x457mm,N/A,Each,Each,N/A,457x457x457mm,14,25,FALSE,14,2.1,3.14,0.4
38,Shipping carton (Brown) 457x279x279mm,N/A,Each,Each,N/A,457x279x279mm,14,25,FALSE,14,1.28,1.91,0.4
330,Shipping carton (Brown) 457x279x279mm,N/A,Each,Each,N/A,457x279x279mm,14,25,FALSE,14,1.28,1.91,0.4
634,Shipping carton (Brown) 457x279x279mm,N/A,Each,Each,N/A,457x279x279mm,14,25,FALSE,14,1.28,1.91,0.4
43,Shipping carton (Brown) 413x285x187mm,N/A,Each,Each,N/A,413x285x187mm,14,25,FALSE,14,1.05,1.57,0.3
335,Shipping carton (Brown) 413x285x187mm,N/A,Each,Each,N/A,413x285x187mm,14,25,FALSE,14,1.05,1.57,0.3
629,Shipping carton (Brown) 413x285x187mm,N/A,Each,Each,N/A,413x285x187mm,14,25,FALSE,14,1.05,1.57,0.3
35,Shipping carton (Brown) 356x356x279mm,N/A,Each,Each,N/A,356x356x279mm,14,25,FALSE,14,2.04,3.05,0.3
327,Shipping carton (Brown) 356x356x279mm,N/A,Each,Each,N/A,356x356x279mm,14,25,FALSE,14,2.04,3.05,0.3
637,Shipping carton (Brown) 356x356x279mm,N/A,Each,Each,N/A,356x356x279mm,14,25,FALSE,14,2.04,3.05,0.3
39,Shipping carton (Brown) 356x229x229mm,N/A,Each,Each,N/A,356x229x229mm,14,25,FALSE,14,1.14,1.7,0.4
331,Shipping carton (Brown) 356x229x229mm,N/A,Each,Each,N/A,356x229x229mm,14,25,FALSE,14,1.14,1.7,0.4
633,Shipping carton (Brown) 356x229x229mm,N/A,Each,Each,N/A,356x229x229mm,14,25,FALSE,14,1.14,1.7,0.4
36,Shipping carton (Brown) 305x305x305mm,N/A,Each,Each,N/A,305x305x305mm,14,25,FALSE,14,3.5,5.23,0.3
328,Shipping carton (Brown) 305x305x305mm,N/A,Each,Each,N/A,305x305x305mm,14,25,FALSE,14,3.5,5.23,0.3
636,Shipping carton (Brown) 305x305x305mm,N/A,Each,Each,N/A,305x305x305mm,14,25,FALSE,14,3.5,5.23,0.3
40,Shipping carton (Brown) 279x254x217mm,N/A,Each,Each,N/A,279x254x217mm,14,25,FALSE,14,1.11,1.66,0.3
332,Shipping carton (Brown) 279x254x217mm,N/A,Each,Each,N/A,279x254x217mm,14,25,FALSE,14,1.11,1.66,0.3
632,Shipping carton (Brown) 279x254x217mm,N/A,Each,Each,N/A,279x254x217mm,14,25,FALSE,14,1.11,1.66,0.3
41,Shipping carton (Brown) 229x229x229mm,N/A,Each,Each,N/A,229x229x229mm,14,25,FALSE,14,1.05,1.57,0.3
333,Shipping carton (Brown) 229x229x229mm,N/A,Each,Each,N/A,229x229x229mm,14,25,FALSE,14,1.05,1.57,0.3
631,Shipping carton (Brown) 229x229x229mm,N/A,Each,Each,N/A,229x229x229mm,14,25,FALSE,14,1.05,1.57,0.3
147,Ride on vintage American toy coupe (Red) 1/12 scale,Red,Each,Each,Northwind,1/12 scale,14,1,FALSE,14,285,426.08,18
454,Ride on vintage American toy coupe (Red) 1/12 scale,Red,Each,Each,Northwind,1/12 scale,14,1,FALSE,14,285,426.08,18
476,Ride on vintage American toy coupe (Red) 1/12 scale,Red,Each,Each,Northwind,1/12 scale,14,1,FALSE,14,285,426.08,18
494,Ride on vintage American toy coupe (Red) 1/12 scale,Red,Each,Each,Northwind,1/12 scale,14,1,FALSE,14,285,426.08,18
146,Ride on vintage American toy coupe (Black) 1/12 scale,Black,Each,Each,Northwind,1/12 scale,14,1,FALSE,14,285,426.08,18
453,Ride on vintage American toy coupe (Black) 1/12 scale,Black,Each,Each,Northwind,1/12 scale,14,1,FALSE,14,285,426.08,18
475,Ride on vintage American toy coupe (Black) 1/12 scale,Black,Each,Each,Northwind,1/12 scale,14,1,FALSE,14,285,426.08,18
495,Ride on vintage American toy coupe (Black) 1/12 scale,Black,Each,Each,Northwind,1/12 scale,14,1,FALSE,14,285,426.08,18
149,Ride on toy sedan car (Yellow) 1/12 scale,Yellow,Each,Each,Northwind,1/12 scale,14,1,FALSE,14,230,343.85,15
393,Ride on toy sedan car (Yellow) 1/12 scale,Yellow,Each,Each,Northwind,1/12 scale,14,1,FALSE,14,230,343.85,15
492,Ride on toy sedan car (Yellow) 1/12 scale,Yellow,Each,Each,Northwind,1/12 scale,14,1,FALSE,14,230,343.85,15
152,Ride on toy sedan car (Red) 1/12 scale,Red,Each,Each,Northwind,1/12 scale,14,1,FALSE,14,230,343.85,15
396,Ride on toy sedan car (Red) 1/12 scale,Red,Each,Each,Northwind,1/12 scale,14,1,FALSE,14,230,343.85,15
489,Ride on toy sedan car (Red) 1/12 scale,Red,Each,Each,Northwind,1/12 scale,14,1,FALSE,14,230,343.85,15
148,Ride on toy sedan car (Pink) 1/12 scale,N/A,Each,Each,Northwind,1/12 scale,14,1,FALSE,14,230,343.85,15
392,Ride on toy sedan car (Pink) 1/12 scale,N/A,Each,Each,Northwind,1/12 scale,14,1,FALSE,14,230,343.85,15
493,Ride on toy sedan car (Pink) 1/12 scale,N/A,Each,Each,Northwind,1/12 scale,14,1,FALSE,14,230,343.85,15
150,Ride on toy sedan car (Green) 1/12 scale,N/A,Each,Each,Northwind,1/12 scale,14,1,FALSE,14,230,343.85,15
394,Ride on toy sedan car (Green) 1/12 scale,N/A,Each,Each,Northwind,1/12 scale,14,1,FALSE,14,230,343.85,15
491,Ride on toy sedan car (Green) 1/12 scale,N/A,Each,Each,Northwind,1/12 scale,14,1,FALSE,14,230,343.85,15
151,Ride on toy sedan car (Blue) 1/12 scale,Blue,Each,Each,Northwind,1/12 scale,14,1,FALSE,14,230,343.85,15
395,Ride on toy sedan car (Blue) 1/12 scale,Blue,Each,Each,Northwind,1/12 scale,14,1,FALSE,14,230,343.85,15
490,Ride on toy sedan car (Blue) 1/12 scale,Blue,Each,Each,Northwind,1/12 scale,14,1,FALSE,14,230,343.85,15
153,Ride on toy sedan car (Black) 1/12 scale,Black,Each,Each,Northwind,1/12 scale,14,1,FALSE,14,230,343.85,15
397,Ride on toy sedan car (Black) 1/12 scale,Black,Each,Each,Northwind,1/12 scale,14,1,FALSE,14,230,343.85,15
488,Ride on toy sedan car (Black) 1/12 scale,Black,Each,Each,Northwind,1/12 scale,14,1,FALSE,14,230,343.85,15
145,Ride on big wheel monster truck (Black) 1/12 scale,Black,Each,Each,Northwind,1/12 scale,14,1,FALSE,14,345,515.78,21
391,Ride on big wheel monster truck (Black) 1/12 scale,Black,Each,Each,Northwind,1/12 scale,14,1,FALSE,14,345,515.78,21
496,Ride on big wheel monster truck (Black) 1/12 scale,Black,Each,Each,Northwind,1/12 scale,14,1,FALSE,14,345,515.78,21
19,Red and white urgent despatch tape 48mmx75m,N/A,Each,Each,N/A,48mmx75m,14,24,FALSE,14,3.7,5.53,0.5
311,Red and white urgent despatch tape 48mmx75m,N/A,Each,Each,N/A,48mmx75m,14,24,FALSE,14,3.7,5.53,0.5
653,Red and white urgent despatch tape 48mmx75m,N/A,Each,Each,N/A,48mmx75m,14,24,FALSE,14,3.7,5.53,0.5
18,Red and white urgent  heavy despatch tape  48mmx100m,N/A,Each,Each,N/A,48mmx100m,14,24,FALSE,14,4.1,6.13,0.7
310,Red and white urgent  heavy despatch tape  48mmx100m,N/A,Each,Each,N/A,48mmx100m,14,24,FALSE,14,4.1,6.13,0.7
654,Red and white urgent  heavy despatch tape  48mmx100m,N/A,Each,Each,N/A,48mmx100m,14,24,FALSE,14,4.1,6.13,0.7
156,RC vintage American toy coupe with remote control (Red) 1/50 scale,Red,Each,Each,Northwind,1/50 scale,14,1,FALSE,14,30,44.85,1.7
230,RC vintage American toy coupe with remote control (Red) 1/50 scale,Red,Each,Each,Northwind,1/50 scale,14,1,FALSE,14,30,44.85,1.7
457,RC vintage American toy coupe with remote control (Red) 1/50 scale,Red,Each,Each,Northwind,1/50 scale,14,1,FALSE,14,30,44.85,1.7
465,RC vintage American toy coupe with remote control (Red) 1/50 scale,Red,Each,Each,Northwind,1/50 scale,14,1,FALSE,14,30,44.85,1.7
473,RC vintage American toy coupe with remote control (Red) 1/50 scale,Red,Each,Each,Northwind,1/50 scale,14,1,FALSE,14,30,44.85,1.7
155,RC vintage American toy coupe with remote control (Black) 1/50 scale,Black,Each,Each,Northwind,1/50 scale,14,1,FALSE,14,30,44.85,1.7
229,RC vintage American toy coupe with remote control (Black) 1/50 scale,Black,Each,Each,Northwind,1/50 scale,14,1,FALSE,14,30,44.85,1.7
456,RC vintage American toy coupe with remote control (Black) 1/50 scale,Black,Each,Each,Northwind,1/50 scale,14,1,FALSE,14,30,44.85,1.7
464,RC vintage American toy coupe with remote control (Black) 1/50 scale,Black,Each,Each,Northwind,1/50 scale,14,1,FALSE,14,30,44.85,1.7
474,RC vintage American toy coupe with remote control (Black) 1/50 scale,Black,Each,Each,Northwind,1/50 scale,14,1,FALSE,14,30,44.85,1.7
158,RC toy sedan car with remote control (Yellow) 1/50 scale,Yellow,Each,Each,Northwind,1/50 scale,14,1,FALSE,14,25,37.38,1.5
232,RC toy sedan car with remote control (Yellow) 1/50 scale,Yellow,Each,Each,Northwind,1/50 scale,14,1,FALSE,14,25,37.38,1.5
459,RC toy sedan car with remote control (Yellow) 1/50 scale,Yellow,Each,Each,Northwind,1/50 scale,14,1,FALSE,14,25,37.38,1.5
471,RC toy sedan car with remote control (Yellow) 1/50 scale,Yellow,Each,Each,Northwind,1/50 scale,14,1,FALSE,14,25,37.38,1.5
161,RC toy sedan car with remote control (Red) 1/50 scale,Red,Each,Each,Northwind,1/50 scale,14,1,FALSE,14,25,37.38,1.5
235,RC toy sedan car with remote control (Red) 1/50 scale,Red,Each,Each,Northwind,1/50 scale,14,1,FALSE,14,25,37.38,1.5
462,RC toy sedan car with remote control (Red) 1/50 scale,Red,Each,Each,Northwind,1/50 scale,14,1,FALSE,14,25,37.38,1.5
468,RC toy sedan car with remote control (Red) 1/50 scale,Red,Each,Each,Northwind,1/50 scale,14,1,FALSE,14,25,37.38,1.5
157,RC toy sedan car with remote control (Pink) 1/50 scale,N/A,Each,Each,Northwind,1/50 scale,14,1,FALSE,14,25,37.38,1.5
231,RC toy sedan car with remote control (Pink) 1/50 scale,N/A,Each,Each,Northwind,1/50 scale,14,1,FALSE,14,25,37.38,1.5
458,RC toy sedan car with remote control (Pink) 1/50 scale,N/A,Each,Each,Northwind,1/50 scale,14,1,FALSE,14,25,37.38,1.5
472,RC toy sedan car with remote control (Pink) 1/50 scale,N/A,Each,Each,Northwind,1/50 scale,14,1,FALSE,14,25,37.38,1.5
159,RC toy sedan car with remote control (Green) 1/50 scale,N/A,Each,Each,Northwind,1/50 scale,14,1,FALSE,14,25,37.38,1.5
233,RC toy sedan car with remote control (Green) 1/50 scale,N/A,Each,Each,Northwind,1/50 scale,14,1,FALSE,14,25,37.38,1.5
460,RC toy sedan car with remote control (Green) 1/50 scale,N/A,Each,Each,Northwind,1/50 scale,14,1,FALSE,14,25,37.38,1.5
470,RC toy sedan car with remote control (Green) 1/50 scale,N/A,Each,Each,Northwind,1/50 scale,14,1,FALSE,14,25,37.38,1.5
160,RC toy sedan car with remote control (Blue) 1/50 scale,Blue,Each,Each,Northwind,1/50 scale,14,1,FALSE,14,25,37.38,1.5
234,RC toy sedan car with remote control (Blue) 1/50 scale,Blue,Each,Each,Northwind,1/50 scale,14,1,FALSE,14,25,37.38,1.5
461,RC toy sedan car with remote control (Blue) 1/50 scale,Blue,Each,Each,Northwind,1/50 scale,14,1,FALSE,14,25,37.38,1.5
469,RC toy sedan car with remote control (Blue) 1/50 scale,Blue,Each,Each,Northwind,1/50 scale,14,1,FALSE,14,25,37.38,1.5
162,RC toy sedan car with remote control (Black) 1/50 scale,Black,Each,Each,Northwind,1/50 scale,14,1,FALSE,14,25,37.38,1.5
236,RC toy sedan car with remote control (Black) 1/50 scale,Black,Each,Each,Northwind,1/50 scale,14,1,FALSE,14,25,37.38,1.5
463,RC toy sedan car with remote control (Black) 1/50 scale,Black,Each,Each,Northwind,1/50 scale,14,1,FALSE,14,25,37.38,1.5
467,RC toy sedan car with remote control (Black) 1/50 scale,Black,Each,Each,Northwind,1/50 scale,14,1,FALSE,14,25,37.38,1.5
154,RC big wheel monster truck with remote control (Black) 1/50 scale,Black,Each,Each,Northwind,1/50 scale,14,1,FALSE,14,45,67.28,1.8
228,RC big wheel monster truck with remote control (Black) 1/50 scale,Black,Each,Each,Northwind,1/50 scale,14,1,FALSE,14,45,67.28,1.8
455,RC big wheel monster truck with remote control (Black) 1/50 scale,Black,Each,Each,Northwind,1/50 scale,14,1,FALSE,14,45,67.28,1.8
466,RC big wheel monster truck with remote control (Black) 1/50 scale,Black,Each,Each,Northwind,1/50 scale,14,1,FALSE,14,45,67.28,1.8
91,Plush shark slippers (Gray) XL,Gray,Each,Each,N/A,XL,12,1,FALSE,12,32,47.84,0.4
368,Plush shark slippers (Gray) XL,Steel Gray,Each,Each,N/A,XL,12,1,FALSE,12,32,47.84,0.4
505,Plush shark slippers (Gray) XL,Steel Gray,Each,Each,N/A,XL,12,1,FALSE,12,32,47.84,0.4
528,Plush shark slippers (Gray) XL,Steel Gray,Each,Each,N/A,XL,12,1,FALSE,12,32,47.84,0.4
94,Plush shark slippers (Gray) S,Gray,Each,Each,N/A,S,12,1,FALSE,12,32,47.84,0.35
371,Plush shark slippers (Gray) S,Steel Gray,Each,Each,N/A,S,12,1,FALSE,12,32,47.84,0.35
508,Plush shark slippers (Gray) S,Steel Gray,Each,Each,N/A,S,12,1,FALSE,12,32,47.84,0.35
525,Plush shark slippers (Gray) S,Steel Gray,Each,Each,N/A,S,12,1,FALSE,12,32,47.84,0.35
93,Plush shark slippers (Gray) M,Gray,Each,Each,N/A,M,12,1,FALSE,12,32,47.84,0.35
370,Plush shark slippers (Gray) M,Steel Gray,Each,Each,N/A,M,12,1,FALSE,12,32,47.84,0.35
507,Plush shark slippers (Gray) M,Steel Gray,Each,Each,N/A,M,12,1,FALSE,12,32,47.84,0.35
526,Plush shark slippers (Gray) M,Steel Gray,Each,Each,N/A,M,12,1,FALSE,12,32,47.84,0.35
92,Plush shark slippers (Gray) L,Gray,Each,Each,N/A,L,12,1,FALSE,12,32,47.84,0.35
369,Plush shark slippers (Gray) L,Steel Gray,Each,Each,N/A,L,12,1,FALSE,12,32,47.84,0.35
506,Plush shark slippers (Gray) L,Steel Gray,Each,Each,N/A,L,12,1,FALSE,12,32,47.84,0.35
527,Plush shark slippers (Gray) L,Steel Gray,Each,Each,N/A,L,12,1,FALSE,12,32,47.84,0.35
12,Permanent marker red 5mm nib (Red) 5mm,N/A,Each,Each,N/A,5mm,14,12,FALSE,14,2.7,4.04,0.1
304,Permanent marker red 5mm nib (Red) 5mm,N/A,Each,Each,N/A,5mm,14,12,FALSE,14,2.7,4.04,0.1
660,Permanent marker red 5mm nib (Red) 5mm,N/A,Each,Each,N/A,5mm,14,12,FALSE,14,2.7,4.04,0.1
13,Permanent marker blue 5mm nib (Blue) 5mm,N/A,Each,Each,N/A,5mm,14,12,FALSE,14,2.7,4.04,0.1
305,Permanent marker blue 5mm nib (Blue) 5mm,N/A,Each,Each,N/A,5mm,14,12,FALSE,14,2.7,4.04,0.1
659,Permanent marker blue 5mm nib (Blue) 5mm,N/A,Each,Each,N/A,5mm,14,12,FALSE,14,2.7,4.04,0.1
14,Permanent marker black 5mm nib (Black) 5mm,N/A,Each,Each,N/A,5mm,14,12,FALSE,14,2.7,4.04,0.1
306,Permanent marker black 5mm nib (Black) 5mm,N/A,Each,Each,N/A,5mm,14,12,FALSE,14,2.7,4.04,0.1
658,Permanent marker black 5mm nib (Black) 5mm,N/A,Each,Each,N/A,5mm,14,12,FALSE,14,2.7,4.04,0.1
11,Packing knife with metal insert blade (Yellow) 9mm,N/A,Each,Each,N/A,9mm,14,5,FALSE,14,1.89,2.83,0.5
303,Packing knife with metal insert blade (Yellow) 9mm,N/A,Each,Each,N/A,9mm,14,5,FALSE,14,1.89,2.83,0.5
661,Packing knife with metal insert blade (Yellow) 9mm,N/A,Each,Each,N/A,9mm,14,5,FALSE,14,1.89,2.83,0.5
10,Packing knife with metal insert blade (Yellow) 18mm,N/A,Each,Each,N/A,18mm,14,5,FALSE,14,2.4,3.59,0.5
302,Packing knife with metal insert blade (Yellow) 18mm,N/A,Each,Each,N/A,18mm,14,5,FALSE,14,2.4,3.59,0.5
662,Packing knife with metal insert blade (Yellow) 18mm,N/A,Each,Each,N/A,18mm,14,5,FALSE,14,2.4,3.59,0.5
70,Pack of 12 action figures (variety),N/A,Packet,Packet,N/A,N/A,2,1,FALSE,2,16,23.92,0.25
390,Pack of 12 action figures (variety),N/A,Packet,Packet,N/A,N/A,2,1,FALSE,2,16,23.92,0.25
485,Pack of 12 action figures (variety),N/A,Packet,Packet,N/A,N/A,2,1,FALSE,2,16,23.92,0.25
69,Pack of 12 action figures (male),N/A,Packet,Packet,N/A,N/A,2,1,FALSE,2,16,23.92,0.25
389,Pack of 12 action figures (male),N/A,Packet,Packet,N/A,N/A,2,1,FALSE,2,16,23.92,0.25
486,Pack of 12 action figures (male),N/A,Packet,Packet,N/A,N/A,2,1,FALSE,2,16,23.92,0.25
68,Pack of 12 action figures (female),N/A,Packet,Packet,N/A,N/A,2,1,FALSE,2,16,23.92,0.25
388,Pack of 12 action figures (female),N/A,Packet,Packet,N/A,N/A,2,1,FALSE,2,16,23.92,0.25
487,Pack of 12 action figures (female),N/A,Packet,Packet,N/A,N/A,2,1,FALSE,2,16,23.92,0.25
95,Ogre battery-powered slippers (Green) XL,N/A,Each,Each,N/A,XL,12,1,FALSE,12,32,47.84,0.4
372,Ogre battery-powered slippers (Green) XL,N/A,Each,Each,N/A,XL,12,1,FALSE,12,32,47.84,0.4
509,Ogre battery-powered slippers (Green) XL,N/A,Each,Each,N/A,XL,12,1,FALSE,12,32,47.84,0.4
524,Ogre battery-powered slippers (Green) XL,N/A,Each,Each,N/A,XL,12,1,FALSE,12,32,47.84,0.4
98,Ogre battery-powered slippers (Green) S,N/A,Each,Each,N/A,S,12,1,FALSE,12,32,47.84,0.35
375,Ogre battery-powered slippers (Green) S,N/A,Each,Each,N/A,S,12,1,FALSE,12,32,47.84,0.35
512,Ogre battery-powered slippers (Green) S,N/A,Each,Each,N/A,S,12,1,FALSE,12,32,47.84,0.35
521,Ogre battery-powered slippers (Green) S,N/A,Each,Each,N/A,S,12,1,FALSE,12,32,47.84,0.35
97,Ogre battery-powered slippers (Green) M,N/A,Each,Each,N/A,M,12,1,FALSE,12,32,47.84,0.35
374,Ogre battery-powered slippers (Green) M,N/A,Each,Each,N/A,M,12,1,FALSE,12,32,47.84,0.35
511,Ogre battery-powered slippers (Green) M,N/A,Each,Each,N/A,M,12,1,FALSE,12,32,47.84,0.35
522,Ogre battery-powered slippers (Green) M,N/A,Each,Each,N/A,M,12,1,FALSE,12,32,47.84,0.35
96,Ogre battery-powered slippers (Green) L,N/A,Each,Each,N/A,L,12,1,FALSE,12,32,47.84,0.35
373,Ogre battery-powered slippers (Green) L,N/A,Each,Each,N/A,L,12,1,FALSE,12,32,47.84,0.35
510,Ogre battery-powered slippers (Green) L,N/A,Each,Each,N/A,L,12,1,FALSE,12,32,47.84,0.35
523,Ogre battery-powered slippers (Green) L,N/A,Each,Each,N/A,L,12,1,FALSE,12,32,47.84,0.35
217,Office cube periscope (Black),Black,Each,Carton,N/A,N/A,14,10,FALSE,14,18.5,27.66,0.25
398,Office cube periscope (Black),Black,Each,Carton,N/A,N/A,14,10,FALSE,14,18.5,27.66,0.25
220,Novelty chilli chocolates 500g,N/A,Bag,Carton,N/A,500g,3,12,TRUE,3,14.5,20.74,0.5
446,Novelty chilli chocolates 500g,N/A,Bag,Carton,N/A,500g,3,12,TRUE,3,14.5,20.74,0.5
221,Novelty chilli chocolates 250g,N/A,Bag,Carton,N/A,250g,3,24,TRUE,3,8.55,12.23,0.25
445,Novelty chilli chocolates 250g,N/A,Bag,Carton,N/A,250g,3,24,TRUE,3,8.55,12.23,0.25
66,Medium sized bubblewrap roll 20m,N/A,Each,Each,N/A,20m,14,10,FALSE,14,20,29.9,6
358,Medium sized bubblewrap roll 20m,N/A,Each,Each,N/A,20m,14,10,FALSE,14,20,29.9,6
606,Medium sized bubblewrap roll 20m,N/A,Each,Each,N/A,20m,14,10,FALSE,14,20,29.9,6
65,Large sized bubblewrap roll 50m,N/A,Each,Each,N/A,50m,14,10,FALSE,14,24,35.88,10
357,Large sized bubblewrap roll 50m,N/A,Each,Each,N/A,50m,14,10,FALSE,14,24,35.88,10
607,Large sized bubblewrap roll 50m,N/A,Each,Each,N/A,50m,14,10,FALSE,14,24,35.88,10
8,Large  replacement blades 18mm,N/A,Each,Each,N/A,18mm,14,10,FALSE,14,4.3,6.43,0.8
300,Large  replacement blades 18mm,N/A,Each,Each,N/A,18mm,14,10,FALSE,14,4.3,6.43,0.8
664,Large  replacement blades 18mm,N/A,Each,Each,N/A,18mm,14,10,FALSE,14,4.3,6.43,0.8
166,IT joke mug - that behavior is by design (White),White,Each,Each,N/A,N/A,12,1,FALSE,12,13,19.44,0.15
252,IT joke mug - that behavior is by design (White),White,Each,Each,N/A,N/A,12,1,FALSE,12,13,19.44,0.15
587,IT joke mug - that behavior is by design (White),White,Each,Each,N/A,N/A,12,1,FALSE,12,13,19.44,0.15
165,IT joke mug - that behavior is by design (Black),Black,Each,Each,N/A,N/A,12,1,FALSE,12,13,19.44,0.15
251,IT joke mug - that behavior is by design (Black),Black,Each,Each,N/A,N/A,12,1,FALSE,12,13,19.44,0.15
588,IT joke mug - that behavior is by design (Black),Black,Each,Each,N/A,N/A,12,1,FALSE,12,13,19.44,0.15
168,IT joke mug - keyboard not found … press F1 to continue (White),White,Each,Each,N/A,N/A,12,1,FALSE,12,13,19.44,0.15
254,IT joke mug - keyboard not found … press F1 to continue (White),White,Each,Each,N/A,N/A,12,1,FALSE,12,13,19.44,0.15
585,IT joke mug - keyboard not found … press F1 to continue (White),White,Each,Each,N/A,N/A,12,1,FALSE,12,13,19.44,0.15
167,IT joke mug - keyboard not found … press F1 to continue (Black),Black,Each,Each,N/A,N/A,12,1,FALSE,12,13,19.44,0.15
253,IT joke mug - keyboard not found … press F1 to continue (Black),Black,Each,Each,N/A,N/A,12,1,FALSE,12,13,19.44,0.15
586,IT joke mug - keyboard not found … press F1 to continue (Black),Black,Each,Each,N/A,N/A,12,1,FALSE,12,13,19.44,0.15
164,IT joke mug - hardware: part of the computer that can be kicked (White),White,Each,Each,N/A,N/A,12,1,FALSE,12,13,19.44,0.15
250,IT joke mug - hardware: part of the computer that can be kicked (White),White,Each,Each,N/A,N/A,12,1,FALSE,12,13,19.44,0.15
589,IT joke mug - hardware: part of the computer that can be kicked (White),White,Each,Each,N/A,N/A,12,1,FALSE,12,13,19.44,0.15
163,IT joke mug - hardware: part of the computer that can be kicked (Black),Black,Each,Each,N/A,N/A,12,1,FALSE,12,13,19.44,0.15
249,IT joke mug - hardware: part of the computer that can be kicked (Black),Black,Each,Each,N/A,N/A,12,1,FALSE,12,13,19.44,0.15
590,IT joke mug - hardware: part of the computer that can be kicked (Black),Black,Each,Each,N/A,N/A,12,1,FALSE,12,13,19.44,0.15
75,Halloween zombie mask (Light Brown) XL,Light Brown,Each,Carton,N/A,XL,12,12,FALSE,12,18,26.91,0.3
384,Halloween zombie mask (Light Brown) XL,Light Brown,Each,Carton,N/A,XL,12,12,FALSE,12,18,26.91,0.3
480,Halloween zombie mask (Light Brown) XL,Light Brown,Each,Carton,N/A,XL,12,12,FALSE,12,18,26.91,0.3
78,Halloween zombie mask (Light Brown) S,Light Brown,Each,Carton,N/A,S,12,12,FALSE,12,18,26.91,0.3
387,Halloween zombie mask (Light Brown) S,Light Brown,Each,Carton,N/A,S,12,12,FALSE,12,18,26.91,0.3
477,Halloween zombie mask (Light Brown) S,Light Brown,Each,Carton,N/A,S,12,12,FALSE,12,18,26.91,0.3
77,Halloween zombie mask (Light Brown) M,Light Brown,Each,Carton,N/A,M,12,12,FALSE,12,18,26.91,0.3
386,Halloween zombie mask (Light Brown) M,Light Brown,Each,Carton,N/A,M,12,12,FALSE,12,18,26.91,0.3
478,Halloween zombie mask (Light Brown) M,Light Brown,Each,Carton,N/A,M,12,12,FALSE,12,18,26.91,0.3
76,Halloween zombie mask (Light Brown) L,Light Brown,Each,Carton,N/A,L,12,12,FALSE,12,18,26.91,0.3
385,Halloween zombie mask (Light Brown) L,Light Brown,Each,Carton,N/A,L,12,12,FALSE,12,18,26.91,0.3
479,Halloween zombie mask (Light Brown) L,Light Brown,Each,Carton,N/A,L,12,12,FALSE,12,18,26.91,0.3
71,Halloween skull mask (Gray) XL,Gray,Each,Carton,N/A,XL,12,12,FALSE,12,18,26.91,0.3
380,Halloween skull mask (Gray) XL,Steel Gray,Each,Carton,N/A,XL,12,12,FALSE,12,18,26.91,0.3
484,Halloween skull mask (Gray) XL,Steel Gray,Each,Carton,N/A,XL,12,12,FALSE,12,18,26.91,0.3
74,Halloween skull mask (Gray) S,Gray,Each,Carton,N/A,S,12,12,FALSE,12,18,26.91,0.3
383,Halloween skull mask (Gray) S,Steel Gray,Each,Carton,N/A,S,12,12,FALSE,12,18,26.91,0.3
481,Halloween skull mask (Gray) S,Steel Gray,Each,Carton,N/A,S,12,12,FALSE,12,18,26.91,0.3
73,Halloween skull mask (Gray) M,Gray,Each,Carton,N/A,M,12,12,FALSE,12,18,26.91,0.3
382,Halloween skull mask (Gray) M,Steel Gray,Each,Carton,N/A,M,12,12,FALSE,12,18,26.91,0.3
482,Halloween skull mask (Gray) M,Steel Gray,Each,Carton,N/A,M,12,12,FALSE,12,18,26.91,0.3
72,Halloween skull mask (Gray) L,Gray,Each,Carton,N/A,L,12,12,FALSE,12,18,26.91,0.3
381,Halloween skull mask (Gray) L,Steel Gray,Each,Carton,N/A,L,12,12,FALSE,12,18,26.91,0.3
483,Halloween skull mask (Gray) L,Steel Gray,Each,Carton,N/A,L,12,12,FALSE,12,18,26.91,0.3
87,Furry gorilla with big eyes slippers (Black) XL,Black,Each,Each,N/A,XL,12,1,FALSE,12,32,47.84,0.4
364,Furry gorilla with big eyes slippers (Black) XL,Black,Each,Each,N/A,XL,12,1,FALSE,12,32,47.84,0.4
501,Furry gorilla with big eyes slippers (Black) XL,Black,Each,Each,N/A,XL,12,1,FALSE,12,32,47.84,0.4
532,Furry gorilla with big eyes slippers (Black) XL,Black,Each,Each,N/A,XL,12,1,FALSE,12,32,47.84,0.4
90,Furry gorilla with big eyes slippers (Black) S,Black,Each,Each,N/A,S,12,1,FALSE,12,32,47.84,0.35
367,Furry gorilla with big eyes slippers (Black) S,Black,Each,Each,N/A,S,12,1,FALSE,12,32,47.84,0.35
504,Furry gorilla with big eyes slippers (Black) S,Black,Each,Each,N/A,S,12,1,FALSE,12,32,47.84,0.35
529,Furry gorilla with big eyes slippers (Black) S,Black,Each,Each,N/A,S,12,1,FALSE,12,32,47.84,0.35
89,Furry gorilla with big eyes slippers (Black) M,Black,Each,Each,N/A,M,12,1,FALSE,12,32,47.84,0.35
366,Furry gorilla with big eyes slippers (Black) M,Black,Each,Each,N/A,M,12,1,FALSE,12,32,47.84,0.35
503,Furry gorilla with big eyes slippers (Black) M,Black,Each,Each,N/A,M,12,1,FALSE,12,32,47.84,0.35
530,Furry gorilla with big eyes slippers (Black) M,Black,Each,Each,N/A,M,12,1,FALSE,12,32,47.84,0.35
88,Furry gorilla with big eyes slippers (Black) L,Black,Each,Each,N/A,L,12,1,FALSE,12,32,47.84,0.35
365,Furry gorilla with big eyes slippers (Black) L,Black,Each,Each,N/A,L,12,1,FALSE,12,32,47.84,0.35
502,Furry gorilla with big eyes slippers (Black) L,Black,Each,Each,N/A,L,12,1,FALSE,12,32,47.84,0.35
531,Furry gorilla with big eyes slippers (Black) L,Black,Each,Each,N/A,L,12,1,FALSE,12,32,47.84,0.35
79,Furry animal socks (Pink) XL,N/A,Pair,Packet,N/A,XL,12,12,FALSE,12,5,7.48,0.1
444,Furry animal socks (Pink) XL,N/A,Pair,Packet,N/A,XL,12,12,FALSE,12,5,7.48,0.1
82,Furry animal socks (Pink) S,N/A,Pair,Packet,N/A,S,12,12,FALSE,12,5,7.48,0.1
441,Furry animal socks (Pink) S,N/A,Pair,Packet,N/A,S,12,12,FALSE,12,5,7.48,0.1
81,Furry animal socks (Pink) M,N/A,Pair,Packet,N/A,M,12,12,FALSE,12,5,7.48,0.1
442,Furry animal socks (Pink) M,N/A,Pair,Packet,N/A,M,12,12,FALSE,12,5,7.48,0.1
80,Furry animal socks (Pink) L,N/A,Pair,Packet,N/A,L,12,12,FALSE,12,5,7.48,0.1
443,Furry animal socks (Pink) L,N/A,Pair,Packet,N/A,L,12,12,FALSE,12,5,7.48,0.1
33,Express post box 5kg (White) 350x280x130mm,N/A,Each,Each,N/A,350x280x130mm,14,25,FALSE,14,0.95,1.42,0.2
325,Express post box 5kg (White) 350x280x130mm,N/A,Each,Each,N/A,350x280x130mm,14,25,FALSE,14,0.95,1.42,0.2
639,Express post box 5kg (White) 350x280x130mm,N/A,Each,Each,N/A,350x280x130mm,14,25,FALSE,14,0.95,1.42,0.2
99,Dinosaur battery-powered slippers (Green) XL,N/A,Each,Each,N/A,XL,12,1,FALSE,12,32,47.84,0.4
376,Dinosaur battery-powered slippers (Green) XL,N/A,Each,Each,N/A,XL,12,1,FALSE,12,32,47.84,0.4
513,Dinosaur battery-powered slippers (Green) XL,N/A,Each,Each,N/A,XL,12,1,FALSE,12,32,47.84,0.4
520,Dinosaur battery-powered slippers (Green) XL,N/A,Each,Each,N/A,XL,12,1,FALSE,12,32,47.84,0.4
102,Dinosaur battery-powered slippers (Green) S,N/A,Each,Each,N/A,S,12,1,FALSE,12,32,47.84,0.35
379,Dinosaur battery-powered slippers (Green) S,N/A,Each,Each,N/A,S,12,1,FALSE,12,32,47.84,0.35
516,Dinosaur battery-powered slippers (Green) S,N/A,Each,Each,N/A,S,12,1,FALSE,12,32,47.84,0.35
517,Dinosaur battery-powered slippers (Green) S,N/A,Each,Each,N/A,S,12,1,FALSE,12,32,47.84,0.35
101,Dinosaur battery-powered slippers (Green) M,N/A,Each,Each,N/A,M,12,1,FALSE,12,32,47.84,0.35
378,Dinosaur battery-powered slippers (Green) M,N/A,Each,Each,N/A,M,12,1,FALSE,12,32,47.84,0.35
515,Dinosaur battery-powered slippers (Green) M,N/A,Each,Each,N/A,M,12,1,FALSE,12,32,47.84,0.35
518,Dinosaur battery-powered slippers (Green) M,N/A,Each,Each,N/A,M,12,1,FALSE,12,32,47.84,0.35
100,Dinosaur battery-powered slippers (Green) L,N/A,Each,Each,N/A,L,12,1,FALSE,12,32,47.84,0.35
377,Dinosaur battery-powered slippers (Green) L,N/A,Each,Each,N/A,L,12,1,FALSE,12,32,47.84,0.35
514,Dinosaur battery-powered slippers (Green) L,N/A,Each,Each,N/A,L,12,1,FALSE,12,32,47.84,0.35
519,Dinosaur battery-powered slippers (Green) L,N/A,Each,Each,N/A,L,12,1,FALSE,12,32,47.84,0.35
184,Developer joke mug - when your hammer is C++ (White),White,Each,Each,N/A,N/A,12,1,FALSE,12,13,19.44,0.15
270,Developer joke mug - when your hammer is C++ (White),White,Each,Each,N/A,N/A,12,1,FALSE,12,13,19.44,0.15
569,Developer joke mug - when your hammer is C++ (White),White,Each,Each,N/A,N/A,12,1,FALSE,12,13,19.44,0.15
183,Developer joke mug - when your hammer is C++ (Black),Black,Each,Each,N/A,N/A,12,1,FALSE,12,13,19.44,0.15
269,Developer joke mug - when your hammer is C++ (Black),Black,Each,Each,N/A,N/A,12,1,FALSE,12,13,19.44,0.15
570,Developer joke mug - when your hammer is C++ (Black),Black,Each,Each,N/A,N/A,12,1,FALSE,12,13,19.44,0.15
178,Developer joke mug - understanding recursion requires understanding recursion (White),White,Each,Each,N/A,N/A,12,1,FALSE,12,13,19.44,0.15
264,Developer joke mug - understanding recursion requires understanding recursion (White),White,Each,Each,N/A,N/A,12,1,FALSE,12,13,19.44,0.15
575,Developer joke mug - understanding recursion requires understanding recursion (White),White,Each,Each,N/A,N/A,12,1,FALSE,12,13,19.44,0.15
177,Developer joke mug - understanding recursion requires understanding recursion (Black),Black,Each,Each,N/A,N/A,12,1,FALSE,12,13,19.44,0.15
263,Developer joke mug - understanding recursion requires understanding recursion (Black),Black,Each,Each,N/A,N/A,12,1,FALSE,12,13,19.44,0.15
576,Developer joke mug - understanding recursion requires understanding recursion (Black),Black,Each,Each,N/A,N/A,12,1,FALSE,12,13,19.44,0.15
172,Developer joke mug - this code was generated by a tool (White),White,Each,Each,N/A,N/A,12,1,FALSE,12,13,19.44,0.15
258,Developer joke mug - this code was generated by a tool (White),White,Each,Each,N/A,N/A,12,1,FALSE,12,13,19.44,0.15
581,Developer joke mug - this code was generated by a tool (White),White,Each,Each,N/A,N/A,12,1,FALSE,12,13,19.44,0.15
171,Developer joke mug - this code was generated by a tool (Black),Black,Each,Each,N/A,N/A,12,1,FALSE,12,13,19.44,0.15
257,Developer joke mug - this code was generated by a tool (Black),Black,Each,Each,N/A,N/A,12,1,FALSE,12,13,19.44,0.15
582,Developer joke mug - this code was generated by a tool (Black),Black,Each,Each,N/A,N/A,12,1,FALSE,12,13,19.44,0.15
176,Developer joke mug - there are 10 types of people in the world (White),White,Each,Each,N/A,N/A,12,1,FALSE,12,13,19.44,0.15
262,Developer joke mug - there are 10 types of people in the world (White),White,Each,Each,N/A,N/A,12,1,FALSE,12,13,19.44,0.15
577,Developer joke mug - there are 10 types of people in the world (White),White,Each,Each,N/A,N/A,12,1,FALSE,12,13,19.44,0.15
175,Developer joke mug - there are 10 types of people in the world (Black),Black,Each,Each,N/A,N/A,12,1,FALSE,12,13,19.44,0.15
261,Developer joke mug - there are 10 types of people in the world (Black),Black,Each,Each,N/A,N/A,12,1,FALSE,12,13,19.44,0.15
578,Developer joke mug - there are 10 types of people in the world (Black),Black,Each,Each,N/A,N/A,12,1,FALSE,12,13,19.44,0.15
188,Developer joke mug - that is a hardware problem (White),White,Each,Each,N/A,N/A,12,1,FALSE,12,13,19.44,0.15
274,Developer joke mug - that is a hardware problem (White),White,Each,Each,N/A,N/A,12,1,FALSE,12,13,19.44,0.15
565,Developer joke mug - that is a hardware problem (White),White,Each,Each,N/A,N/A,12,1,FALSE,12,13,19.44,0.15
187,Developer joke mug - that is a hardware problem (Black),Black,Each,Each,N/A,N/A,12,1,FALSE,12,13,19.44,0.15
273,Developer joke mug - that is a hardware problem (Black),Black,Each,Each,N/A,N/A,12,1,FALSE,12,13,19.44,0.15
566,Developer joke mug - that is a hardware problem (Black),Black,Each,Each,N/A,N/A,12,1,FALSE,12,13,19.44,0.15
170,Developer joke mug - old C developers never die (White),White,Each,Each,N/A,N/A,12,1,FALSE,12,13,19.44,0.15
256,Developer joke mug - old C developers never die (White),White,Each,Each,N/A,N/A,12,1,FALSE,12,13,19.44,0.15
583,Developer joke mug - old C developers never die (White),White,Each,Each,N/A,N/A,12,1,FALSE,12,13,19.44,0.15
169,Developer joke mug - old C developers never die (Black),Black,Each,Each,N/A,N/A,12,1,FALSE,12,13,19.44,0.15
255,Developer joke mug - old C developers never die (Black),Black,Each,Each,N/A,N/A,12,1,FALSE,12,13,19.44,0.15
584,Developer joke mug - old C developers never die (Black),Black,Each,Each,N/A,N/A,12,1,FALSE,12,13,19.44,0.15
190,Developer joke mug - Oct 31 = Dec 25 (White),White,Each,Each,N/A,N/A,12,1,FALSE,12,13,19.44,0.15
276,Developer joke mug - Oct 31 = Dec 25 (White),White,Each,Each,N/A,N/A,12,1,FALSE,12,13,19.44,0.15
563,Developer joke mug - Oct 31 = Dec 25 (White),White,Each,Each,N/A,N/A,12,1,FALSE,12,13,19.44,0.15
189,Developer joke mug - Oct 31 = Dec 25 (Black),Black,Each,Each,N/A,N/A,12,1,FALSE,12,13,19.44,0.15
275,Developer joke mug - Oct 31 = Dec 25 (Black),Black,Each,Each,N/A,N/A,12,1,FALSE,12,13,19.44,0.15
564,Developer joke mug - Oct 31 = Dec 25 (Black),Black,Each,Each,N/A,N/A,12,1,FALSE,12,13,19.44,0.15
182,Developer joke mug - inheritance is the OO way to become wealthy (White),White,Each,Each,N/A,N/A,12,1,FALSE,12,13,19.44,0.15
268,Developer joke mug - inheritance is the OO way to become wealthy (White),White,Each,Each,N/A,N/A,12,1,FALSE,12,13,19.44,0.15
571,Developer joke mug - inheritance is the OO way to become wealthy (White),White,Each,Each,N/A,N/A,12,1,FALSE,12,13,19.44,0.15
181,Developer joke mug - inheritance is the OO way to become wealthy (Black),Black,Each,Each,N/A,N/A,12,1,FALSE,12,13,19.44,0.15
267,Developer joke mug - inheritance is the OO way to become wealthy (Black),Black,Each,Each,N/A,N/A,12,1,FALSE,12,13,19.44,0.15
572,Developer joke mug - inheritance is the OO way to become wealthy (Black),Black,Each,Each,N/A,N/A,12,1,FALSE,12,13,19.44,0.15
186,Developer joke mug - fun was unexpected at this time (White),White,Each,Each,N/A,N/A,12,1,FALSE,12,13,19.44,0.15
272,Developer joke mug - fun was unexpected at this time (White),White,Each,Each,N/A,N/A,12,1,FALSE,12,13,19.44,0.15
567,Developer joke mug - fun was unexpected at this time (White),White,Each,Each,N/A,N/A,12,1,FALSE,12,13,19.44,0.15
185,Developer joke mug - fun was unexpected at this time (Black),Black,Each,Each,N/A,N/A,12,1,FALSE,12,13,19.44,0.15
271,Developer joke mug - fun was unexpected at this time (Black),Black,Each,Each,N/A,N/A,12,1,FALSE,12,13,19.44,0.15
568,Developer joke mug - fun was unexpected at this time (Black),Black,Each,Each,N/A,N/A,12,1,FALSE,12,13,19.44,0.15
174,Developer joke mug - a foo walks into a bar (White),White,Each,Each,N/A,N/A,12,1,FALSE,12,13,19.44,0.15
260,Developer joke mug - a foo walks into a bar (White),White,Each,Each,N/A,N/A,12,1,FALSE,12,13,19.44,0.15
579,Developer joke mug - a foo walks into a bar (White),White,Each,Each,N/A,N/A,12,1,FALSE,12,13,19.44,0.15
173,Developer joke mug - a foo walks into a bar (Black),Black,Each,Each,N/A,N/A,12,1,FALSE,12,13,19.44,0.15
259,Developer joke mug - a foo walks into a bar (Black),Black,Each,Each,N/A,N/A,12,1,FALSE,12,13,19.44,0.15
580,Developer joke mug - a foo walks into a bar (Black),Black,Each,Each,N/A,N/A,12,1,FALSE,12,13,19.44,0.15
180,Developer joke mug - (hip- hip- array) (White),White,Each,Each,N/A,N/A,12,1,FALSE,12,13,19.44,0.15
266,Developer joke mug - (hip- hip- array) (White),White,Each,Each,N/A,N/A,12,1,FALSE,12,13,19.44,0.15
573,Developer joke mug - (hip- hip- array) (White),White,Each,Each,N/A,N/A,12,1,FALSE,12,13,19.44,0.15
179,Developer joke mug - (hip- hip- array) (Black),Black,Each,Each,N/A,N/A,12,1,FALSE,12,13,19.44,0.15
265,Developer joke mug - (hip- hip- array) (Black),Black,Each,Each,N/A,N/A,12,1,FALSE,12,13,19.44,0.15
574,Developer joke mug - (hip- hip- array) (Black),Black,Each,Each,N/A,N/A,12,1,FALSE,12,13,19.44,0.15
200,DBA joke mug - you might be a DBA if (White),White,Each,Each,N/A,N/A,12,1,FALSE,12,13,19.44,0.15
286,DBA joke mug - you might be a DBA if (White),White,Each,Each,N/A,N/A,12,1,FALSE,12,13,19.44,0.15
553,DBA joke mug - you might be a DBA if (White),White,Each,Each,N/A,N/A,12,1,FALSE,12,13,19.44,0.15
199,DBA joke mug - you might be a DBA if (Black),Black,Each,Each,N/A,N/A,12,1,FALSE,12,13,19.44,0.15
285,DBA joke mug - you might be a DBA if (Black),Black,Each,Each,N/A,N/A,12,1,FALSE,12,13,19.44,0.15
554,DBA joke mug - you might be a DBA if (Black),Black,Each,Each,N/A,N/A,12,1,FALSE,12,13,19.44,0.15
192,DBA joke mug - two types of DBAs (White),White,Each,Each,N/A,N/A,12,1,FALSE,12,13,19.44,0.15
278,DBA joke mug - two types of DBAs (White),White,Each,Each,N/A,N/A,12,1,FALSE,12,13,19.44,0.15
561,DBA joke mug - two types of DBAs (White),White,Each,Each,N/A,N/A,12,1,FALSE,12,13,19.44,0.15
191,DBA joke mug - two types of DBAs (Black),Black,Each,Each,N/A,N/A,12,1,FALSE,12,13,19.44,0.15
277,DBA joke mug - two types of DBAs (Black),Black,Each,Each,N/A,N/A,12,1,FALSE,12,13,19.44,0.15
562,DBA joke mug - two types of DBAs (Black),Black,Each,Each,N/A,N/A,12,1,FALSE,12,13,19.44,0.15
194,DBA joke mug - SELECT caffeine FROM mug (White),White,Each,Each,N/A,N/A,12,1,FALSE,12,13,19.44,0.15
280,DBA joke mug - SELECT caffeine FROM mug (White),White,Each,Each,N/A,N/A,12,1,FALSE,12,13,19.44,0.15
559,DBA joke mug - SELECT caffeine FROM mug (White),White,Each,Each,N/A,N/A,12,1,FALSE,12,13,19.44,0.15
193,DBA joke mug - SELECT caffeine FROM mug (Black),Black,Each,Each,N/A,N/A,12,1,FALSE,12,13,19.44,0.15
279,DBA joke mug - SELECT caffeine FROM mug (Black),Black,Each,Each,N/A,N/A,12,1,FALSE,12,13,19.44,0.15
560,DBA joke mug - SELECT caffeine FROM mug (Black),Black,Each,Each,N/A,N/A,12,1,FALSE,12,13,19.44,0.15
204,DBA joke mug - mind if I join you? (White),White,Each,Each,N/A,N/A,12,1,FALSE,12,13,19.44,0.15
290,DBA joke mug - mind if I join you? (White),White,Each,Each,N/A,N/A,12,1,FALSE,12,13,19.44,0.15
549,DBA joke mug - mind if I join you? (White),White,Each,Each,N/A,N/A,12,1,FALSE,12,13,19.44,0.15
203,DBA joke mug - mind if I join you? (Black),Black,Each,Each,N/A,N/A,12,1,FALSE,12,13,19.44,0.15
289,DBA joke mug - mind if I join you? (Black),Black,Each,Each,N/A,N/A,12,1,FALSE,12,13,19.44,0.15
550,DBA joke mug - mind if I join you? (Black),Black,Each,Each,N/A,N/A,12,1,FALSE,12,13,19.44,0.15
198,DBA joke mug - it depends (White),White,Each,Each,N/A,N/A,12,1,FALSE,12,13,19.44,0.15
284,DBA joke mug - it depends (White),White,Each,Each,N/A,N/A,12,1,FALSE,12,13,19.44,0.15
555,DBA joke mug - it depends (White),White,Each,Each,N/A,N/A,12,1,FALSE,12,13,19.44,0.15
197,DBA joke mug - it depends (Black),Black,Each,Each,N/A,N/A,12,1,FALSE,12,13,19.44,0.15
283,DBA joke mug - it depends (Black),Black,Each,Each,N/A,N/A,12,1,FALSE,12,13,19.44,0.15
556,DBA joke mug - it depends (Black),Black,Each,Each,N/A,N/A,12,1,FALSE,12,13,19.44,0.15
196,DBA joke mug - I will get you in order (White),White,Each,Each,N/A,N/A,12,1,FALSE,12,13,19.44,0.15
282,DBA joke mug - I will get you in order (White),White,Each,Each,N/A,N/A,12,1,FALSE,12,13,19.44,0.15
557,DBA joke mug - I will get you in order (White),White,Each,Each,N/A,N/A,12,1,FALSE,12,13,19.44,0.15
195,DBA joke mug - I will get you in order (Black),Black,Each,Each,N/A,N/A,12,1,FALSE,12,13,19.44,0.15
281,DBA joke mug - I will get you in order (Black),Black,Each,Each,N/A,N/A,12,1,FALSE,12,13,19.44,0.15
558,DBA joke mug - I will get you in order (Black),Black,Each,Each,N/A,N/A,12,1,FALSE,12,13,19.44,0.15
202,DBA joke mug - daaaaaa-ta (White),White,Each,Each,N/A,N/A,12,1,FALSE,12,13,19.44,0.15
288,DBA joke mug - daaaaaa-ta (White),White,Each,Each,N/A,N/A,12,1,FALSE,12,13,19.44,0.15
551,DBA joke mug - daaaaaa-ta (White),White,Each,Each,N/A,N/A,12,1,FALSE,12,13,19.44,0.15
201,DBA joke mug - daaaaaa-ta (Black),Black,Each,Each,N/A,N/A,12,1,FALSE,12,13,19.44,0.15
287,DBA joke mug - daaaaaa-ta (Black),Black,Each,Each,N/A,N/A,12,1,FALSE,12,13,19.44,0.15
552,DBA joke mug - daaaaaa-ta (Black),Black,Each,Each,N/A,N/A,12,1,FALSE,12,13,19.44,0.15
31,Clear packaging tape 48mmx75m,N/A,Each,Each,N/A,48mmx75m,14,26,FALSE,14,2.9,4.34,0.5
323,Clear packaging tape 48mmx75m,N/A,Each,Each,N/A,48mmx75m,14,26,FALSE,14,2.9,4.34,0.5
641,Clear packaging tape 48mmx75m,N/A,Each,Each,N/A,48mmx75m,14,26,FALSE,14,2.9,4.34,0.5
30,Clear packaging tape 48mmx100m,N/A,Each,Each,N/A,48mmx100m,14,20,FALSE,14,3.5,5.23,0.7
322,Clear packaging tape 48mmx100m,N/A,Each,Each,N/A,48mmx100m,14,20,FALSE,14,3.5,5.23,0.7
642,Clear packaging tape 48mmx100m,N/A,Each,Each,N/A,48mmx100m,14,20,FALSE,14,3.5,5.23,0.7
224,Chocolate sharks 250g,N/A,Bag,Carton,N/A,250g,3,24,TRUE,3,8.55,12.23,0.25
450,Chocolate sharks 250g,N/A,Bag,Carton,N/A,250g,3,24,TRUE,3,8.55,12.23,0.25
225,Chocolate frogs 250g,N/A,Bag,Carton,N/A,250g,3,24,TRUE,3,8.55,12.23,0.25
449,Chocolate frogs 250g,N/A,Bag,Carton,N/A,250g,3,24,TRUE,3,8.55,12.23,0.25
222,Chocolate echidnas 250g,N/A,Bag,Carton,N/A,250g,3,24,TRUE,3,8.55,12.23,0.25
448,Chocolate echidnas 250g,N/A,Bag,Carton,N/A,250g,3,24,TRUE,3,8.55,12.23,0.25
223,Chocolate beetles 250g,N/A,Bag,Carton,N/A,250g,3,24,TRUE,3,8.55,12.23,0.25
447,Chocolate beetles 250g,N/A,Bag,Carton,N/A,250g,3,24,TRUE,3,8.55,12.23,0.25
44,Bubblewrap dispenser (Red) 1.5m,Red,Each,Each,N/A,1.5m,14,1,FALSE,14,240,358.8,10
336,Bubblewrap dispenser (Red) 1.5m,Red,Each,Each,N/A,1.5m,14,1,FALSE,14,240,358.8,10
628,Bubblewrap dispenser (Red) 1.5m,Red,Each,Each,N/A,1.5m,14,1,FALSE,14,240,358.8,10
45,Bubblewrap dispenser (Blue) 1.5m,Blue,Each,Each,N/A,1.5m,14,1,FALSE,14,240,358.8,10
337,Bubblewrap dispenser (Blue) 1.5m,Blue,Each,Each,N/A,1.5m,14,1,FALSE,14,240,358.8,10
627,Bubblewrap dispenser (Blue) 1.5m,Blue,Each,Each,N/A,1.5m,14,1,FALSE,14,240,358.8,10
46,Bubblewrap dispenser (Black) 1.5m,Black,Each,Each,N/A,1.5m,14,1,FALSE,14,240,358.8,10
338,Bubblewrap dispenser (Black) 1.5m,Black,Each,Each,N/A,1.5m,14,1,FALSE,14,240,358.8,10
626,Bubblewrap dispenser (Black) 1.5m,Black,Each,Each,N/A,1.5m,14,1,FALSE,14,240,358.8,10
20,Black and yellow heavy despatch tape 48mmx100m,N/A,Each,Each,N/A,48mmx100m,14,24,FALSE,14,4.1,6.13,0.7
312,Black and yellow heavy despatch tape 48mmx100m,N/A,Each,Each,N/A,48mmx100m,14,24,FALSE,14,4.1,6.13,0.7
652,Black and yellow heavy despatch tape 48mmx100m,N/A,Each,Each,N/A,48mmx100m,14,24,FALSE,14,4.1,6.13,0.7
21,Black and yellow heavy despatch tape  48mmx75m,N/A,Each,Each,N/A,48mmx75m,14,24,FALSE,14,3.7,5.53,0.5
313,Black and yellow heavy despatch tape  48mmx75m,N/A,Each,Each,N/A,48mmx75m,14,24,FALSE,14,3.7,5.53,0.5
651,Black and yellow heavy despatch tape  48mmx75m,N/A,Each,Each,N/A,48mmx75m,14,24,FALSE,14,3.7,5.53,0.5
23,Black and orange this way up despatch tape 48mmx75m,N/A,Each,Each,N/A,48mmx75m,14,24,FALSE,14,3.7,5.53,0.5
315,Black and orange this way up despatch tape 48mmx75m,N/A,Each,Each,N/A,48mmx75m,14,24,FALSE,14,3.7,5.53,0.5
649,Black and orange this way up despatch tape 48mmx75m,N/A,Each,Each,N/A,48mmx75m,14,24,FALSE,14,3.7,5.53,0.5
22,Black and orange this way up despatch tape  48mmx100m,N/A,Each,Each,N/A,48mmx100m,14,24,FALSE,14,4.1,6.13,0.7
314,Black and orange this way up despatch tape  48mmx100m,N/A,Each,Each,N/A,48mmx100m,14,24,FALSE,14,4.1,6.13,0.7
650,Black and orange this way up despatch tape  48mmx100m,N/A,Each,Each,N/A,48mmx100m,14,24,FALSE,14,4.1,6.13,0.7
25,Black and orange handle with care despatch tape  48mmx75m,N/A,Each,Each,N/A,48mmx75m,14,24,FALSE,14,3.7,5.53,0.5
317,Black and orange handle with care despatch tape  48mmx75m,N/A,Each,Each,N/A,48mmx75m,14,24,FALSE,14,3.7,5.53,0.5
647,Black and orange handle with care despatch tape  48mmx75m,N/A,Each,Each,N/A,48mmx75m,14,24,FALSE,14,3.7,5.53,0.5
24,Black and orange handle with care despatch tape  48mmx100m,N/A,Each,Each,N/A,48mmx100m,14,24,FALSE,14,4.1,6.13,0.7
316,Black and orange handle with care despatch tape  48mmx100m,N/A,Each,Each,N/A,48mmx100m,14,24,FALSE,14,4.1,6.13,0.7
648,Black and orange handle with care despatch tape  48mmx100m,N/A,Each,Each,N/A,48mmx100m,14,24,FALSE,14,4.1,6.13,0.7
27,Black and orange glass with care despatch tape 48mmx75m,N/A,Each,Each,N/A,48mmx75m,14,24,FALSE,14,3.7,5.53,0.5
319,Black and orange glass with care despatch tape 48mmx75m,N/A,Each,Each,N/A,48mmx75m,14,24,FALSE,14,3.7,5.53,0.5
645,Black and orange glass with care despatch tape 48mmx75m,N/A,Each,Each,N/A,48mmx75m,14,24,FALSE,14,3.7,5.53,0.5
26,Black and orange glass with care despatch tape  48mmx100m,N/A,Each,Each,N/A,48mmx100m,14,24,FALSE,14,4.1,6.13,0.7
318,Black and orange glass with care despatch tape  48mmx100m,N/A,Each,Each,N/A,48mmx100m,14,24,FALSE,14,4.1,6.13,0.7
646,Black and orange glass with care despatch tape  48mmx100m,N/A,Each,Each,N/A,48mmx100m,14,24,FALSE,14,4.1,6.13,0.7
29,Black and orange fragile despatch tape 48mmx75m,N/A,Each,Each,N/A,48mmx75m,14,36,FALSE,14,3.7,5.53,0.5
321,Black and orange fragile despatch tape 48mmx75m,N/A,Each,Each,N/A,48mmx75m,14,36,FALSE,14,3.7,5.53,0.5
643,Black and orange fragile despatch tape 48mmx75m,N/A,Each,Each,N/A,48mmx75m,14,36,FALSE,14,3.7,5.53,0.5
28,Black and orange fragile despatch tape 48mmx100m,N/A,Each,Each,N/A,48mmx100m,14,36,FALSE,14,4.1,6.13,0.7
320,Black and orange fragile despatch tape 48mmx100m,N/A,Each,Each,N/A,48mmx100m,14,36,FALSE,14,4.1,6.13,0.7
644,Black and orange fragile despatch tape 48mmx100m,N/A,Each,Each,N/A,48mmx100m,14,36,FALSE,14,4.1,6.13,0.7
83,Animal with big feet slippers (Brown) XL,N/A,Each,Each,N/A,XL,12,1,FALSE,12,32,47.84,0.4
360,Animal with big feet slippers (Brown) XL,N/A,Each,Each,N/A,XL,12,1,FALSE,12,32,47.84,0.4
497,Animal with big feet slippers (Brown) XL,N/A,Each,Each,N/A,XL,12,1,FALSE,12,32,47.84,0.4
536,Animal with big feet slippers (Brown) XL,N/A,Each,Each,N/A,XL,12,1,FALSE,12,32,47.84,0.4
86,Animal with big feet slippers (Brown) S,N/A,Each,Each,N/A,S,12,1,FALSE,12,32,47.84,0.35
363,Animal with big feet slippers (Brown) S,N/A,Each,Each,N/A,S,12,1,FALSE,12,32,47.84,0.35
500,Animal with big feet slippers (Brown) S,N/A,Each,Each,N/A,S,12,1,FALSE,12,32,47.84,0.35
533,Animal with big feet slippers (Brown) S,N/A,Each,Each,N/A,S,12,1,FALSE,12,32,47.84,0.35
85,Animal with big feet slippers (Brown) M,N/A,Each,Each,N/A,M,12,1,FALSE,12,32,47.84,0.35
362,Animal with big feet slippers (Brown) M,N/A,Each,Each,N/A,M,12,1,FALSE,12,32,47.84,0.35
499,Animal with big feet slippers (Brown) M,N/A,Each,Each,N/A,M,12,1,FALSE,12,32,47.84,0.35
534,Animal with big feet slippers (Brown) M,N/A,Each,Each,N/A,M,12,1,FALSE,12,32,47.84,0.35
84,Animal with big feet slippers (Brown) L,N/A,Each,Each,N/A,L,12,1,FALSE,12,32,47.84,0.35
361,Animal with big feet slippers (Brown) L,N/A,Each,Each,N/A,L,12,1,FALSE,12,32,47.84,0.35
498,Animal with big feet slippers (Brown) L,N/A,Each,Each,N/A,L,12,1,FALSE,12,32,47.84,0.35
535,Animal with big feet slippers (Brown) L,N/A,Each,Each,N/A,L,12,1,FALSE,12,32,47.84,0.35
117,Alien officer hoodie (Black) XXL,Black,Each,Each,N/A,XXL,12,1,FALSE,12,35,52.33,0.4
426,Alien officer hoodie (Black) XXL,Black,Each,Each,N/A,XXL,12,1,FALSE,12,35,52.33,0.4
118,Alien officer hoodie (Black) XL,Black,Each,Each,N/A,XL,12,1,FALSE,12,35,52.33,0.4
425,Alien officer hoodie (Black) XL,Black,Each,Each,N/A,XL,12,1,FALSE,12,35,52.33,0.4
114,Alien officer hoodie (Black) 5XL,Black,Each,Each,N/A,5XL,12,1,FALSE,12,35,52.33,0.4
429,Alien officer hoodie (Black) 5XL,Black,Each,Each,N/A,5XL,12,1,FALSE,12,35,52.33,0.4
115,Alien officer hoodie (Black) 4XL,Black,Each,Each,N/A,4XL,12,1,FALSE,12,35,52.33,0.4
428,Alien officer hoodie (Black) 4XL,Black,Each,Each,N/A,4XL,12,1,FALSE,12,35,52.33,0.4
116,Alien officer hoodie (Black) 3XL,Black,Each,Each,N/A,3XL,12,1,FALSE,12,35,52.33,0.4
427,Alien officer hoodie (Black) 3XL,Black,Each,Each,N/A,3XL,12,1,FALSE,12,35,52.33,0.4
5,Air cushion machine (Blue),N/A,Each,Each,N/A,N/A,20,1,FALSE,20,1899,2839.01,10
297,Air cushion machine (Blue),N/A,Each,Each,N/A,N/A,20,1,FALSE,20,1899,2839.01,10
667,Air cushion machine (Blue),N/A,Each,Each,N/A,N/A,20,1,FALSE,20,1899,2839.01,10
6,Air cushion film 200mmx200mm 325m,N/A,Each,Each,N/A,325m,14,1,FALSE,14,90,134.55,6
298,Air cushion film 200mmx200mm 325m,N/A,Each,Each,N/A,325m,14,1,FALSE,14,90,134.55,6
666,Air cushion film 200mmx200mm 325m,N/A,Each,Each,N/A,325m,14,1,FALSE,14,90,134.55,6
7,Air cushion film 200mmx100mm 325m,N/A,Each,Each,N/A,325m,14,1,FALSE,14,87,130.07,5
299,Air cushion film 200mmx100mm 325m,N/A,Each,Each,N/A,325m,14,1,FALSE,14,87,130.07,5
665,Air cushion film 200mmx100mm 325m,N/A,Each,Each,N/A,325m,14,1,FALSE,14,87,130.07,5
56,32 mm Double sided bubble wrap 50m,N/A,Each,Each,N/A,50m,14,10,FALSE,14,112,167.44,10
348,32 mm Double sided bubble wrap 50m,N/A,Each,Each,N/A,50m,14,10,FALSE,14,112,167.44,10
616,32 mm Double sided bubble wrap 50m,N/A,Each,Each,N/A,50m,14,10,FALSE,14,112,167.44,10
57,32 mm Double sided bubble wrap 20m,N/A,Each,Each,N/A,20m,14,10,FALSE,14,37,55.32,6
349,32 mm Double sided bubble wrap 20m,N/A,Each,Each,N/A,20m,14,10,FALSE,14,37,55.32,6
615,32 mm Double sided bubble wrap 20m,N/A,Each,Each,N/A,20m,14,10,FALSE,14,37,55.32,6
58,32 mm Double sided bubble wrap 10m,N/A,Each,Each,N/A,10m,14,10,FALSE,14,22,32.89,5
350,32 mm Double sided bubble wrap 10m,N/A,Each,Each,N/A,10m,14,10,FALSE,14,22,32.89,5
614,32 mm Double sided bubble wrap 10m,N/A,Each,Each,N/A,10m,14,10,FALSE,14,22,32.89,5
47,32 mm Anti static bubble wrap (Blue) 50m,Blue,Each,Each,N/A,50m,14,10,FALSE,14,105,156.98,10
339,32 mm Anti static bubble wrap (Blue) 50m,Blue,Each,Each,N/A,50m,14,10,FALSE,14,105,156.98,10
625,32 mm Anti static bubble wrap (Blue) 50m,Blue,Each,Each,N/A,50m,14,10,FALSE,14,105,156.98,10
48,32 mm Anti static bubble wrap (Blue) 20m,Blue,Each,Each,N/A,20m,14,10,FALSE,14,48,71.76,6
340,32 mm Anti static bubble wrap (Blue) 20m,Blue,Each,Each,N/A,20m,14,10,FALSE,14,48,71.76,6
624,32 mm Anti static bubble wrap (Blue) 20m,Blue,Each,Each,N/A,20m,14,10,FALSE,14,48,71.76,6
49,32 mm Anti static bubble wrap (Blue) 10m,Blue,Each,Each,N/A,10m,14,10,FALSE,14,32,47.84,5
341,32 mm Anti static bubble wrap (Blue) 10m,Blue,Each,Each,N/A,10m,14,10,FALSE,14,32,47.84,5
623,32 mm Anti static bubble wrap (Blue) 10m,Blue,Each,Each,N/A,10m,14,10,FALSE,14,32,47.84,5
32,3 kg Courier post bag (White) 300x190x95mm,N/A,Each,Each,N/A,300x190x95mm,14,25,FALSE,14,0.66,0.99,0.1
324,3 kg Courier post bag (White) 300x190x95mm,N/A,Each,Each,N/A,300x190x95mm,14,25,FALSE,14,0.66,0.99,0.1
640,3 kg Courier post bag (White) 300x190x95mm,N/A,Each,Each,N/A,300x190x95mm,14,25,FALSE,14,0.66,0.99,0.1
59,20 mm Double sided bubble wrap 50m,N/A,Each,Each,N/A,50m,14,10,FALSE,14,108,161.46,10
351,20 mm Double sided bubble wrap 50m,N/A,Each,Each,N/A,50m,14,10,FALSE,14,108,161.46,10
613,20 mm Double sided bubble wrap 50m,N/A,Each,Each,N/A,50m,14,10,FALSE,14,108,161.46,10
60,20 mm Double sided bubble wrap 20m,N/A,Each,Each,N/A,20m,14,10,FALSE,14,33,49.34,6
352,20 mm Double sided bubble wrap 20m,N/A,Each,Each,N/A,20m,14,10,FALSE,14,33,49.34,6
612,20 mm Double sided bubble wrap 20m,N/A,Each,Each,N/A,20m,14,10,FALSE,14,33,49.34,6
61,20 mm Double sided bubble wrap 10m,N/A,Each,Each,N/A,10m,14,10,FALSE,14,18,26.91,5
353,20 mm Double sided bubble wrap 10m,N/A,Each,Each,N/A,10m,14,10,FALSE,14,18,26.91,5
611,20 mm Double sided bubble wrap 10m,N/A,Each,Each,N/A,10m,14,10,FALSE,14,18,26.91,5
50,20 mm Anti static bubble wrap (Blue) 50m,Blue,Each,Each,N/A,50m,14,10,FALSE,14,102,152.49,10
342,20 mm Anti static bubble wrap (Blue) 50m,Blue,Each,Each,N/A,50m,14,10,FALSE,14,102,152.49,10
622,20 mm Anti static bubble wrap (Blue) 50m,Blue,Each,Each,N/A,50m,14,10,FALSE,14,102,152.49,10
51,20 mm Anti static bubble wrap (Blue) 20m,Blue,Each,Each,N/A,20m,14,10,FALSE,14,45,67.28,6
343,20 mm Anti static bubble wrap (Blue) 20m,Blue,Each,Each,N/A,20m,14,10,FALSE,14,45,67.28,6
621,20 mm Anti static bubble wrap (Blue) 20m,Blue,Each,Each,N/A,20m,14,10,FALSE,14,45,67.28,6
52,20 mm Anti static bubble wrap (Blue) 10m,Blue,Each,Each,N/A,10m,14,10,FALSE,14,29,43.36,5
344,20 mm Anti static bubble wrap (Blue) 10m,Blue,Each,Each,N/A,10m,14,10,FALSE,14,29,43.36,5
620,20 mm Anti static bubble wrap (Blue) 10m,Blue,Each,Each,N/A,10m,14,10,FALSE,14,29,43.36,5
62,10 mm Double sided bubble wrap 50m,N/A,Each,Each,N/A,50m,14,10,FALSE,14,105,156.98,10
354,10 mm Double sided bubble wrap 50m,N/A,Each,Each,N/A,50m,14,10,FALSE,14,105,156.98,10
610,10 mm Double sided bubble wrap 50m,N/A,Each,Each,N/A,50m,14,10,FALSE,14,105,156.98,10
63,10 mm Double sided bubble wrap 20m,N/A,Each,Each,N/A,20m,14,10,FALSE,14,30,44.85,6
355,10 mm Double sided bubble wrap 20m,N/A,Each,Each,N/A,20m,14,10,FALSE,14,30,44.85,6
609,10 mm Double sided bubble wrap 20m,N/A,Each,Each,N/A,20m,14,10,FALSE,14,30,44.85,6
64,10 mm Double sided bubble wrap 10m,N/A,Each,Each,N/A,10m,14,10,FALSE,14,15,22.43,5
356,10 mm Double sided bubble wrap 10m,N/A,Each,Each,N/A,10m,14,10,FALSE,14,15,22.43,5
608,10 mm Double sided bubble wrap 10m,N/A,Each,Each,N/A,10m,14,10,FALSE,14,15,22.43,5
53,10 mm Anti static bubble wrap (Blue) 50m,Blue,Each,Each,N/A,50m,14,10,FALSE,14,99,148.01,10
345,10 mm Anti static bubble wrap (Blue) 50m,Blue,Each,Each,N/A,50m,14,10,FALSE,14,99,148.01,10
619,10 mm Anti static bubble wrap (Blue) 50m,Blue,Each,Each,N/A,50m,14,10,FALSE,14,99,148.01,10
54,10 mm Anti static bubble wrap (Blue) 20m,Blue,Each,Each,N/A,20m,14,10,FALSE,14,42,62.79,6
346,10 mm Anti static bubble wrap (Blue) 20m,Blue,Each,Each,N/A,20m,14,10,FALSE,14,42,62.79,6
618,10 mm Anti static bubble wrap (Blue) 20m,Blue,Each,Each,N/A,20m,14,10,FALSE,14,42,62.79,6
55,10 mm Anti static bubble wrap (Blue) 10m,Blue,Each,Each,N/A,10m,14,10,FALSE,14,26,38.87,5
347,10 mm Anti static bubble wrap (Blue) 10m,Blue,Each,Each,N/A,10m,14,10,FALSE,14,26,38.87,5
617,10 mm Anti static bubble wrap (Blue) 10m,Blue,Each,Each,N/A,10m,14,10,FALSE,14,26,38.87,5
